nama,timestamp,status
Orang,2025-10-25 23:39:20,confirmed
Orang,2025-10-25 23:39:37,pending
Orang,2025-10-25 23:39:52,pending
Orang,2025-10-25 23:40:07,pending
Orang,2025-10-25 23:40:23,pending
Orang,2025-10-25 23:40:38,pending
Orang,2025-10-25 23:40:53,pending
Orang,2025-10-25 23:41:08,pending
Orang,2025-10-25 23:41:23,pending
Orang,2025-10-25 23:41:39,pending
Orang,2025-10-25 23:41:54,pending
Orang,2025-10-25 23:42:09,pending
Orang,2025-10-25 23:42:24,pending
Orang,2025-10-25 23:42:40,pending
Orang,2025-10-25 23:42:55,pending
Orang,2025-10-25 23:43:10,pending
Orang,2025-10-25 23:43:25,pending
